25470100	-33.9434595	25.5327401	city	Port Elizabeth	No data	Порт-Элизабет	1050000	"name":"Port Elizabeth","is_in":"Eastern Cape, South Africa","place":"city","source":"sagns","name:pt":"Porto Elizabeth","name:ru":"Порт-Элизабет","name:xh":"Ibhayi","sagns_id":"116271","wikipedia":"en:Port Elizabeth","population":"1050000","is_in:state":"Eastern Cape","is_in:country":"South Africa","is_in:continent":"Africa","is_in:country_code":"ZA"
25730724	33.5939157	-7.6176293	city	Casablanca الدار البيضاء	Casablanca	Касабланка	3100000	"name":"Casablanca الدار البيضاء","rank":"1","is_in":"Casablanca-Settat, Morocco","place":"city","capital":"4","name:ar":"الدار البيضاء","name:de":"Casablanca","name:en":"Casablanca","name:fr":"Casablanca","name:hi":"कासाब्लांका","name:hu":"Casablanca","name:ja":"カサブランカ","name:kn":"ಕಾಸಾಬ್ಲಾಂಕಾ","name:lv":"Kasablanka","name:ru":"Касабланка","name:tr":"Kazablanka","int_name":"Casablanca","name:ber":"ⴻⴷⴷⴰⵔ ⴱⵉⴹⴰ","population":"3100000","admin_level":"6","alt_name:ar":"کازابلانکا","is_in:country":"Morocco","is_in:continent":"Africa","is_in:country_code":"MA"
26756035	33.8850849	-5.5678716	city	Meknès  مكناس ⵎⴽⵏⴰⵙ	No data	Мекнес	1000000	"capital":"4","int_name":"Meknes","is_in:continent":"Africa","is_in:country":"Morocco","is_in:country_code":"MA","is_in:province":"Meknès-El Menzeh","is_in:region":"Meknès-Tafilalet","name":"Meknès  مكناس ⵎⴽⵏⴰⵙ","name:ar":"مكناس","name:de":"Meknès","name:es":"Mequínez","name:fr":"Meknès","name:ru":"Мекнес","name:zgh":"ⵎⴽⵏⴰⵙ","place":"city","population":"1000000","population:date":"2011","wikipedia":"fr:Meknes"
27043346	-4.3217055	15.3125974	city	Kinshasa	No data	Киншаса	9046000	"ele":"240","name":"Kinshasa","is_in":"République Démocratique du Congo","place":"city","capital":"yes","name:am":"ኪንሻሳ","name:ar":"كينشاسا","name:az":"Kinşasa","name:be":"Кіншаса","name:bg":"Киншаса","name:bo":"ཀིན་ཤ་ས།","name:cs":"Kinshasa","name:de":"Kinshasa","name:el":"Κινσάσα","name:eo":"Kinŝaso","name:es":"Kinsasa","name:fa":"کینشاسا","name:fy":"Kinsjasa","name:he":"קינשאסה","name:hi":"किन्शासा","name:ht":"Kinchasa","name:hy":"Կինշասա","name:is":"Kinsasa","name:ja":"キンシャサ","name:ka":"კინშასა","name:kg":"Kinsasa","name:kk":"Киншаса","name:kn":"ಕಿನ್ಶಾಸಾ","name:ko":"킨샤사","name:ku":"Kînşasa","name:ky":"Киншаса","name:ln":"Kinsásá","name:lt":"Kinšasa","name:lv":"Kinšasa","name:mk":"Киншаса","name:ml":"കിൻഷസ","name:mr":"किन्शासा","name:my":"ကင်ရှာဆာမြို့","name:os":"Киншаса","name:pl":"Kinszasa","name:ru":"Киншаса","name:sr":"Киншаса","name:sv":"Kinshasa","name:ta":"கின்ஷாசா","name:tg":"Киншаса","name:th":"กินชาซา","name:tk":"Kinşasa","name:tr":"Kinşasa","name:uk":"Кіншаса","name:ur":"کنشاسا","name:yi":"קינשאזע","name:zh":"金沙薩","name:arz":"كينشاسا","name:ckb":"کینشاسا","name:mhr":"Киншаса","name:mrj":"Киншаса","name:pnb":"کنشاسہ","name:rue":"Кіншаса","name:sah":"Киншаса","name:udm":"Киншаса","old_name":"Léopoldville","wikipedia":"de:Kinshasa","is_capital":"country","population":"9046000","admin_level":"2","name:zh-yue":"金沙薩","name:bat-smg":"Kinšasa","is_in:continent":"Africa","is_in:iso_3166_2":"CD-KN"
27564941	-8.8271656	13.2436665	city	Luanda	No data	Луанда	5172900	"name":"Luanda","is_in":"Angola","place":"city","capital":"yes","name:am":"ሏንዳ","name:ar":"لواندا","name:be":"Луанда","name:bg":"Луанда","name:bn":"লুয়ান্ডা","name:bo":"ལའུན་ཌ།","name:ce":"Луанда","name:cs":"Luanda","name:de":"Luanda","name:el":"Λουάντα","name:eo":"Luando","name:fa":"لوآندا","name:fr":"Luanda","name:he":"לואנדה","name:ht":"Louanda","name:hu":"Luanda","name:hy":"Լուանդա","name:is":"Lúanda","name:ja":"ルアンダ","name:ka":"ლუანდა","name:kg":"Lwanda","name:kn":"ಲೂಆಂಡ","name:ko":"루안다","name:ku":"Luanda","name:ky":"Луанда","name:ln":"Lwanda","name:lt":"Luanda","name:mk":"Луанда","name:mr":"लुआंडा","name:nl":"Luanda","name:os":"Луандæ","name:pl":"Luanda","name:ru":"Луанда","name:sr":"Луанда","name:sv":"Luanda","name:ta":"லுவாண்டா","name:tg":"Луанда","name:th":"ลูอันดา","name:uk":"Луанда","name:ur":"لواندا","name:zh":"羅安達","name:ckb":"لواندا","name:mrj":"Луанда","name:pnb":"لونڈا","name:udm":"Луанда","name:vep":"Luand","wikidata":"Q3897","wikipedia":"de:Luanda","is_capital":"country","population":"5172900","admin_level":"2","wikipedia:fr":"Luanda","is_in:country":"Angola","name:be-x-old":"Луанда","is_in:continent":"Africa","is_in:country_code":"AO"
27564954	12.6493194	-8.0003371	city	Bamako	No data	Бамако	1809106	"ele":"350","name":"Bamako","is_in":"Mali","place":"city","capital":"yes","name:am":"ባማኮ","name:ar":"باماكو","name:be":"Бамако","name:bg":"Бамако","name:bm":"Bamakɔ","name:bo":"བ་མ་ཀོ།","name:cv":"Бамако","name:de":"Bamako","name:el":"Μπαμάκο","name:fa":"باماکو","name:gl":"Bamaco - Bamako","name:he":"במקו","name:hi":"बमाको","name:hu":"Bamako","name:hy":"Բամակո","name:is":"Bamakó","name:ja":"バマコ","name:ka":"ბამაკო","name:ko":"바마코","name:ky":"Бамако","name:lt":"Bamakas","name:mk":"Бамако","name:mr":"बमाको","name:os":"Бамако","name:pl":"Bamako","name:ru":"Бамако","name:sr":"Бамако","name:sv":"Bamako","name:ta":"பமாக்கோ","name:tg":"Бамако","name:th":"บามาโก","name:uk":"Бамако","name:ur":"بماکو","name:zh":"巴馬科","name:arc":"ܒܡܩܘ","name:ckb":"باماکۆ","name:kab":"Bamaku","name:mrj":"Бамако","name:pnb":"بماکو","name:udm":"Бамако","ocha:fid":"1","ocha:type":"Capitale","wikipedia":"fr:Bamako","population":"1809106","admin_level":"2","is_in:country":"Mali","ocha:objectid":"2","name:be-tarask":"Бамака","is_in:continent":"Africa","is_in:country_code":"ML"
27564973	-11.6642316	27.4826264	city	Lubumbashi	Lubumbashi	Лубумбаши	1139064	"name":"Lubumbashi","is_in":"Congo-Kinshasa","place":"city","name:en":"Lubumbashi","name:ru":"Лубумбаши","name:uk":"Лубумбаші","old_name":"Elisabethville","wikipedia":"en:Lubumbashi","population":"1139064","is_in:country":"Congo-Kinshasa","is_in:continent":"Africa"
27564980	6.3280343	-10.7977882	city	Monrovia	No data	Монровия	1010970	"name":"Monrovia","is_in":"Liberia","place":"city","capital":"yes","name:am":"ሞንሮቪያ","name:ar":"مونروفيا","name:az":"Monroviya","name:be":"Манровія","name:bg":"Монровия","name:bo":"མོང་རོ་ཝི་ཡ།","name:ca":"Monròvia","name:de":"Monrovia","name:el":"Μονρόβια","name:eo":"Monrovio","name:fa":"مونروویا","name:he":"מונרוביה","name:hu":"Monrovia","name:hy":"Մոնրովիա","name:is":"Mondróvía","name:ja":"モンロビア","name:ka":"მონროვია","name:ko":"몬로비아","name:ky":"Монровия","name:lt":"Monrovija","name:lv":"Monrovija","name:mk":"Монровија","name:mr":"मोन्रोव्हिया","name:oc":"Monròvia","name:pl":"Monrovia","name:pt":"Monróvia","name:ru":"Монровия","name:so":"Monrofia","name:sr":"Монровија","name:sv":"Monrovia","name:ta":"மொன்ரோவியா","name:tg":"Монровия","name:th":"มันโรเวีย","name:uk":"Монровія","name:ur":"مونروویا","name:zh":"蒙羅維亞","name:ckb":"مۆنرۆڤیا","name:mrj":"Монрови","name:pnb":"مونروویا","name:udm":"Монровия","wikipedia":"de:Monrovia","is_capital":"country","population":"1010970","admin_level":"2","unocha:pcode":"LBR30040000043","is_in:country":"Liberia","is_in:continent":"Africa","is_in:country_code":"LR"
27564994	-15.4166967	28.2813812	city	Lusaka	No data	Лусака	1742979	"name":"Lusaka","is_in":"Zambia","place":"city","capital":"yes","name:am":"ሉሳካ","name:ar":"لوساكا","name:be":"Лусака","name:bg":"Лусака","name:bn":"লুসাকা","name:bo":"ལུ་ས་ཀ།","name:de":"Lusaka","name:el":"Λουσάκα","name:eo":"Lusako","name:fa":"لوساکا","name:fy":"Lûsaka","name:gl":"Lusaca","name:he":"לוסקה","name:ht":"Louzaka","name:hu":"Lusaka","name:hy":"Լուսակա","name:is":"Lúsaka","name:ja":"ルサカ","name:ka":"ლუსაკა","name:ko":"루사카","name:ky":"Лусака","name:la":"Lusaca","name:mk":"Лусака","name:mn":"Лусака","name:mr":"लुसाका","name:nl":"Lusaka","name:pl":"Lusaka","name:ru":"Лусака","name:sr":"Лусака","name:sv":"Lusaka","name:ta":"லுசாக்கா","name:tg":"Лусака","name:th":"ลูซากา","name:ug":"لۇساكا","name:uk":"Лусака","name:ur":"لوساکا","name:zh":"盧薩卡","name:ckb":"لووساکا","name:mrj":"Лусака","name:pnb":"لوساکا","name:udm":"Лусака","wikipedia":"de:Lusaka","is_capital":"country","population":"1742979","admin_level":"2","is_in:country":"Zambia","is_in:continent":"Africa","is_in:country_code":"ZM"
27564996	-29.8618254	31.0099095	city	Durban	No data	Дурбан	3460000	"name":"Durban","place":"city","source":"sagns","name:af":"Durban","name:hi":"डरबन","name:kn":"ಡರ್ಬನ್","name:mr":"डरबन","name:ru":"Дурбан","name:sr":"Дурбан","name:te":"డర్బన్","name:zu":"eThekwini","sagns_id":"88104","wikipedia":"en:Durban","population":"3460000","is_in:country":"South Africa","is_in:continent":"Africa"
27565002	12.3681481	-1.5270853	city	Ouagadougou	No data	Уагадугу	1475223	"name":"Ouagadougou","is_in":"Ouagadougou;Kadiogo;Centre;Burkina Faso;Africa","place":"city","source":"Institut Géographique du Burkina","capital":"yes","name:am":"ዋጋዱጉ","name:ar":"واغادوغو","name:az":"Uaqaduqu","name:be":"Уагадугу","name:bg":"Уагадугу","name:bo":"ཨོ་འ་ག་དོའུ་གོའུ།","name:cv":"Уагадугу","name:de":"Ouagadougou","name:el":"Ουαγκαντουγκού","name:eo":"Uagaduguo","name:es":"Uagadugú","name:eu":"Uagadugu","name:fa":"اوآگادوگو","name:gl":"Uagadugú - Ouagadougou","name:he":"ואגאדוגו","name:hu":"Ouagadougou","name:hy":"Ուագադուգու","name:is":"Ouagadougou","name:ja":"ワガドゥグー","name:ka":"უაგადუგუ","name:ko":"와가두구","name:ky":"Уагадугу","name:la":"Uagadugum","name:lt":"Uagadugu","name:lv":"Vagadugu","name:mk":"Уагадугу","name:mr":"वागाडुगू","name:pl":"Wagadugu","name:ru":"Уагадугу","name:rw":"Wagadugu","name:sr":"Уагадугу","name:sv":"Ouagadougou","name:sw":"Wagadugu","name:ta":"வாகடூகு","name:tg":"Уагадугу","name:th":"วากาดูกู","name:uk":"Уагадугу","name:ur":"اواگادوگو","name:zh":"瓦加杜古","int_name":"Ouagadougou","name:ckb":"ئۆئاگادۆگۆ","name:mrj":"Уагадугу","name:nah":"Uagadugu","name:nov":"Uagadugu","name:pnb":"اوگاڈوگو","name:udm":"Уагадугу","old_name":"Wagadugu","wikipedia":"fr:Ouagadougou","population":"1475223","admin_level":"2","alt_name:de":"Wagadugu","is_in:region":"Centre","is_in:country":"Burkina Faso","name:be-x-old":"Уагадугу","is_in:province":"Kadiogo","is_in:continent":"Africa","is_in:department":"Ouagadougou","is_in:region_code":"11","is_in:country_code":"BF","is_in:province_code":"11"
27565020	31.1990035	29.8943785	city	الإسكندرية	Alexandria	Александрия	4546231	"ele":"5","int_name":"Alexandria","is_in":"Egypt","is_in:continent":"Africa","is_in:country":"Egypt","is_in:country_code":"EG","is_in:iso_3166_2":"EG-ALX","name":"الإسكندرية","name:ar":"الإسكندرية","name:ca":"Alexandria","name:cs":"Alexandrie","name:de":"Alexandria","name:el":"Αλεξάνδρεια","name:en":"Alexandria","name:es":"Alejandría","name:fr":"Alexandrie","name:hi":"सिकन्दरिया","name:kn":"ಸಿಕಂದರಿಯಾ","name:mr":"सिकन्दरिया","name:ru":"Александрия","name:sk":"Alexandria","place":"city","population":"4546231","population:date":"2013","wikipedia":"en:Alexandria"
27565027	-6.8142737	39.2803756	city	Dar es Salaam	Dar es Salaam	Дар-эс-Салам	2497940	"name":"Dar es Salaam","is_in":"Tanzania","place":"city","name:da":"Dar es-Salaam","name:de":"Daressalam","name:el":"Νταρ ες Σαλάμ","name:en":"Dar es Salaam","name:he":"דאר א-סלאם","name:hi":"दार अस सलाम","name:kn":"ದಾರ್ ಅಸ್ ಸಲಾಮ್","name:lt":"Dar es Salamas","name:pl":"Dar es Salaam","name:ru":"Дар-эс-Салам","name:uk":"Дар-ес-Салам","name:zh":"達累斯薩拉姆","wikidata":"Q1960","wikipedia":"en:Dar es Salaam","population":"2497940","is_in:country":"Tanzania","is_in:continent":"Africa"
27565045	14.6934248	-17.4479377	city	Dakar	No data	Дакар	2396800	"admin_level":"2","capital":"yes","ele":"10","is_in":"Dakar,Senegal","is_in:continent":"Africa","is_in:country":"Senegal","is_in:country_code":"SN","is_in:iso_3166_2":"SN-DK","is_in:state":"Dakar","name":"Dakar","name:am":"ዳካር","name:ar":"دكار","name:arz":"داكار","name:be":"Дакар","name:bg":"Дакар","name:bn":"ডাকার","name:bo":"ཌ་ཀར།","name:ckb":"داکار","name:cv":"Дакар","name:de":"Dakar","name:el":"Ντακάρ","name:eo":"Dakaro","name:fa":"داکار","name:ga":"Dacár","name:gl":"Dacar - Dakar","name:he":"דקאר","name:hi":"डकार","name:hu":"Dakar","name:hy":"Դակար","name:is":"Dakar","name:ja":"ダカール","name:ka":"დაკარი","name:kk":"Дакар","name:kn":"ಡಕಾರ್","name:ko":"다카르","name:ku":"Dakar","name:ky":"Дакар","name:lt":"Dakaras","name:lv":"Dakara","name:mk":"Дакар","name:ml":"ഡാക്കർ","name:mr":"डकार","name:mrj":"Дакар","name:os":"Дакар","name:pl":"Dakar","name:pnb":"ڈا کار","name:ru":"Дакар","name:sr":"Дакар","name:sv":"Dakar","name:ta":"டக்கார்","name:tg":"Дакар","name:th":"ดาการ์","name:udm":"Дакар","name:uk":"Дакар","name:ur":"ڈاکار","name:wo":"Ndakaaru","name:yi":"דאקאר","name:zh":"達喀爾","place":"city","population":"2396800","population:date":"2011","wikipedia":"de:Dakar"
27565050	-26.2227778	27.89	city	Soweto	No data	No data	1270000	"name":"Soweto","is_in":"Gauteng, South Africa","place":"city","source":"sagns","name:he":"סווטו","sagns_id":"68940","wikipedia":"en:Soweto","population":"1270000","is_in:country":"South Africa","is_in:continent":"Africa"
27565062	9.5171253	-13.6999235	city	Conakry	No data	Конакри	1857153	"name":"Conakry","is_in":"Guinea","place":"city","capital":"yes","name:ar":"كوناكري","name:az":"Konakri","name:be":"Конакры","name:bg":"Конакри","name:bn":"কোনাক্রি","name:bo":"ཀོ་ནཀ་རི།","name:de":"Conakry","name:el":"Κονακρί","name:eo":"Konakrio","name:es":"Conakri","name:eu":"Konakry","name:fa":"کوناکری","name:ff":"Konaakiri","name:fy":"Konakry","name:he":"קונאקרי","name:ht":"Konakri","name:hu":"Conakry","name:hy":"Կոնակրի","name:is":"Kónakrí","name:ja":"コナクリ","name:ka":"კონაკრი","name:ko":"코나크리","name:ky":"Конакри","name:lt":"Konakris","name:lv":"Konakri","name:mk":"Конакри","name:mr":"कोनाक्री","name:pl":"Konakry","name:pt":"Conacri","name:ru":"Конакри","name:sk":"Konakry","name:so":"Konakri","name:sq":"Konakri","name:sr":"Конакри","name:sv":"Conakry","name:ta":"கொனாக்ரி","name:tg":"Конакри","name:th":"โกนากรี","name:tr":"Konakri","name:uk":"Конакрі","name:ur":"کوناکری","name:zh":"科納克里","name:ckb":"کۆناکری","name:mrj":"Конакри","name:nah":"Conacri","name:nov":"Konakri","name:pnb":"کوناکری","name:udm":"Конакри","wikipedia":"de:Conakry","population":"1857153","admin_level":"2","unocha:pcode":"GIN0020010200002","is_in:country":"Guinea","is_in:continent":"Africa","is_in:country_code":"GN"
27565065	4.7676576	7.0188527	city	Port Harcourt	No data	Порт-Харкорт	1382592	"name":"Port Harcourt","place":"city","capital":"4","name:ru":"Порт-Харкорт","name:uk":"Порт-Харкорт","wikidata":"Q217432","wikipedia":"en:Port Harcourt","population":"1382592","admin_level":"4"
27565066	7.3786064	3.8969928	city	Ibadan	No data	Ибадан	2338659	"name":"Ibadan","place":"city","source":"GNS","capital":"4","name:ru":"Ибадан","name:uk":"Ібадан","wikidata":"Q183298","wikipedia":"en:Ibadan","population":"2338659","admin_level":"4"
27565076	9.0107934	38.7612525	city	Addis Abeba	No data	Аддис-Абеба	3500000	"ele":"2355","name":"Addis Abeba","is_in":"Ethiopia","place":"city","capital":"yes","name:af":"Addis Abeba","name:am":"አዲስ አበባ","name:an":"Addis Abeba","name:ar":"أديس أبابا","name:az":"Əddis-Əbəbə","name:be":"Адыс-Абеба","name:bg":"Адис Абеба","name:bn":"আদ্দিস আবাবা","name:bo":"ཨ་ཌི་སི་ཨ་བ་བ།","name:br":"Addis Abeba","name:bs":"Adis Abeba","name:ca":"Addis Abeba","name:cs":"Addis Abeba","name:de":"Addis Abeba","name:el":"Αντίς Αμπέμπα","name:eo":"Adis-Abebo","name:es":"Adís Abeba","name:et":"Addis Abeba","name:eu":"Addis Abeba","name:fa":"آدیس آبابا","name:fi":"Addis Abeba","name:fr":"Addis-Abeba","name:fy":"Addis Abeba","name:ga":"Adas Ababa","name:gl":"Adís Abeba - አዲስ አበባ","name:he":"אדיס אבבה","name:hr":"Adis Abeba","name:ht":"Adis-Abeba","name:hu":"Addisz-Abeba","name:hy":"Ադիս Աբեբա","name:ie":"Addis Abeba","name:it":"Addis Abeba","name:ja":"アディスアベバ","name:ka":"ადის-აბება","name:kn":"ಅಡಿಸ್ ಅಬಾಬ","name:ko":"아디스아바바","name:ky":"Аддис-Абеба","name:la":"Neanthopolis","name:lb":"Addis Abeba","name:lt":"Adis Abeba","name:lv":"Adisabeba","name:mg":"Addis Abeba","name:mk":"Адис Абеба","name:ml":"അഡിസ് അബെബ","name:mn":"Аддис-Абеба","name:mr":"अदिस अबाबा","name:my":"အာဒစ် အာဘာဘာမြို့","name:nl":"Addis Abeba","name:nn":"Addis Abeba","name:no":"Addis Abeba","name:oc":"Addis Abeba","name:om":"Addis Abeba","name:os":"Аддис-Абебæ","name:pa":"ਆਦਿਸ ਆਬਬਾ","name:pl":"Addis Abeba","name:pt":"Adis Abeba","name:qu":"Adis Ababa","name:rm":"Addis Abeba","name:ro":"Addis Abeba","name:ru":"Аддис-Абеба","name:sh":"Adis Abeba","name:sk":"Addis Abeba","name:sl":"Adis Abeba","name:so":"Addis Abeba","name:sq":"Addis Abeba","name:sr":"Адис Абеба","name:sv":"Addis Abeba","name:ta":"அடிஸ் அபாபா","name:tg":"Аддис-Абеба","name:th":"แอดดิสอาบาบา","name:tl":"Adis Abeba","name:uk":"Аддис-Абеба","name:ur":"ادیس ابابا","name:wo":"Addis-Abeba","name:zh":"亞的斯亞貝巴","name:arz":"اديس ابابا","name:ckb":"ئادیس ئابابا","name:mrj":"Аддис-Абеба","name:nah":"Adis Abeba","name:new":"अदिस अबाबा","name:nov":"Adis Ababa","name:orm":"Finfinne","name:pnb":"ادیس ابابا","name:udm":"Аддис-Абеба","wikidata":"Q3624","wikipedia":"de:Addis Abeba","is_capital":"country","population":"3500000","admin_level":"2","name:bat-smg":"Adis Abeba","is_in:country":"Ethiopia","name:be-x-old":"Адыс-Абэба","is_in:continent":"Africa","is_in:country_code":"ET"
27565080	5.5600141	-0.2057437	city	Accra	No data	Аккра	2291352	"name":"Accra","is_in":"Ghana","place":"city","capital":"yes","name:ak":"Nkran","name:am":"አክራ","name:ar":"أكرا","name:az":"Akkra","name:be":"Акра","name:bg":"Акра","name:bo":"ཨ་ཁ་ར།","name:cv":"Аккра","name:de":"Accra","name:el":"Άκκρα","name:eo":"Akrao","name:es":"Acra","name:eu":"Akkra","name:fa":"آکرا","name:fy":"Akkra","name:he":"אקרה","name:ht":"Akra","name:hy":"Ակրա","name:is":"Akkra","name:ja":"アクラ","name:ka":"აკრა","name:kn":"ಅಕ್ಕ್ರಾ","name:ko":"아크라","name:ky":"Аккра","name:lt":"Akra","name:lv":"Akra","name:mk":"Акра","name:ml":"അക്ര","name:mr":"आक्रा","name:my":"အက်ခရာမြို့","name:os":"Аккрæ","name:pl":"Akra","name:pt":"Acra","name:ru":"Аккра","name:sk":"Akkra","name:sl":"Akra","name:sq":"Akra","name:sr":"Акра","name:sv":"Accra","name:ta":"அக்ரா","name:tg":"Аккра","name:th":"อักกรา","name:tr":"Akra, Gana","name:tw":"Nkran","name:uk":"Аккра","name:ur":"اکرا","name:yi":"אקרא","name:yo":"Aakrá","name:zh":"阿克拉","name:arz":"اكرا","name:ckb":"ئاکرا","name:mrj":"Аккра","name:nov":"Akra","name:pnb":"عکرہ","name:udm":"Аккра","name:xmf":"აკრა","wikidata":"Q3761","wikipedia":"en:Accra","is_capital":"country","population":"2291352","admin_level":"2","name:bat-smg":"Akra","is_in:country":"Ghana","is_in:continent":"Africa","is_in:country_code":"GH"
27565081	-25.9662133	32.5674498	city	Maputo	No data	Мапуту	1244227	"name":"Maputo","place":"city","capital":"yes","name:am":"ማፑቶ","name:ar":"مابوتو","name:az":"Maputu","name:be":"Мапуту","name:bg":"Мапуто","name:bo":"མ་པུ་ཊོ།","name:cs":"Maputo","name:el":"Μαπούτο","name:fa":"ماپوتو","name:he":"מפוטו","name:ht":"Mapouto","name:hu":"Maputo","name:hy":"Մապուտու","name:is":"Mapútó","name:ja":"マプト","name:ka":"მაპუტუ","name:kn":"ಮಾಪುಟೊ","name:ko":"마푸투","name:ky":"Мапуту","name:lt":"Maputu","name:lv":"Maputu","name:mk":"Мапуто","name:mr":"मापुतो","name:pl":"Maputo","name:ru":"Мапуту","name:so":"Mabuto","name:sr":"Мапуто","name:sv":"Maputo","name:ta":"மபூட்டோ","name:tg":"Мапуту","name:th":"มาปูโต","name:uk":"Мапуту","name:ur":"ماپوتو","name:zh":"馬普托","name:ckb":"ماپوتۆ","name:mrj":"Мапуту","name:pnb":"ماپوٹو","name:tet":"Maputu","name:udm":"Мапуту","wikipedia":"de:Maputo","population":"1244227","admin_level":"2","is_in:country":"Mozambique","is_in:continent":"Africa","is_in:country_code":"MZ"
27565105	-1.2832533	36.8172449	city	Nairobi	No data	Найроби	3138295	"admin_level":"2","capital":"yes","ele":"1661","is_capital":"country","is_in":"Kenya","is_in:continent":"Africa","is_in:country":"Kenya","is_in:country_code":"KE","is_in:iso_3166_2":"KE-30","name":"Nairobi","name:am":"ናይሮቢ","name:ar":"نيروبي","name:arz":"نايروبى","name:az":"Nayrobi","name:bat-smg":"Nairobis","name:be":"Найробі","name:bg":"Найроби","name:bn":"নাইরোবি","name:bo":"ནའི་རོ་བི།","name:ckb":"نایرۆبی","name:cs":"Nairobi","name:de":"Nairobi","name:el":"Ναϊρόμπι","name:eo":"Najrobo","name:fa":"نایروبی","name:fy":"Nairoby","name:he":"ניירובי","name:hi":"नैरोबी","name:ht":"Nayrobi","name:hu":"Nairobi","name:hy":"Նայրոբի","name:is":"Naíróbí","name:ja":"ナイロビ","name:ka":"ნაირობი","name:kk":"Найроби","name:kn":"ನೈರೋಬಿ","name:ko":"나이로비","name:ku":"Nairobî","name:ky":"Найроби","name:la":"Nairobia","name:lez":"Найроби","name:lt":"Nairobis","name:mk":"Најроби","name:ml":"നയ്റോബി","name:mn":"Найроби","name:mr":"नैरोबी","name:mrj":"Найроби","name:my":"နိုင်ရိုဘီမြို့","name:nov":"Nayrobi","name:oc":"Nairòbi","name:os":"Найроби","name:pl":"Nairobi","name:pms":"Nairòbi","name:pnb":"نیروبی","name:pt":"Nairóbi","name:ru":"Найроби","name:rue":"Найробі","name:sah":"Найроби","name:sk":"Nairobi","name:so":"Nayroobi","name:sr":"Најроби","name:sv":"Nairobi","name:ta":"நைரோபி","name:tg":"Найроби","name:th":"ไนโรบี","name:tk":"Naýrobi","name:tt":"Найроби","name:udm":"Найроби","name:ug":"نايروبى","name:uk":"Найробі","name:ur":"نیروبی","name:wuu":"内罗毕","name:yi":"נייראבי","name:zh":"內羅畢","name:zh-yue":"賴羅比","place":"city","population":"3138295","rank":"0","source:population":"wikipedia, 2009","wikipedia":"de:Nairobi"
27565111	11.8395257	13.1536509	city	Maiduguri	No data	Майдугури	1197497	"name":"Maiduguri","place":"city","capital":"4","name:ru":"Майдугури","name:uk":"Майдугурі","alt_name":"Yerwa","wikidata":"Q221436","wikipedia":"en:Maiduguri","population":"1197497","admin_level":"4"
27565116	-18.9100122	47.5255809	city	Antananarivo	No data	Антананариву	2000000	"ele":"1300","name":"Antananarivo","fixme":"ele,population","is_in":"Madagascar","place":"city","capital":"yes","name:am":"አንታናናሪቮ","name:ar":"أنتاناناريفو","name:az":"Antananarivu","name:be":"Антананарыву","name:bg":"Антананариво","name:bo":"ཨེན་ཊ་ན་ན་རི་བོ།","name:de":"Antananarivo","name:el":"Ανταναναρίβο","name:fa":"آنتاناناریوو","name:fr":"Tananarive","name:he":"אנטננריבו","name:hi":"अन्टाननरीवो","name:hu":"Antananarivo","name:hy":"Անտանանարիվու","name:is":"Antananarívó","name:ja":"アンタナナリボ","name:ka":"ანტანანარივუ","name:kn":"ಅನ್ಟಾನನರೀವೋ","name:ko":"안타나나리보","name:ku":"Antananarivo","name:ky":"Антананариву","name:lt":"Antananaryvas","name:lv":"Antananarivu","name:mk":"Антананариво","name:ml":"ആന്റനനറീവൊ","name:mr":"अंतानानारिव्हो","name:os":"Антананариву","name:pl":"Antananarywa","name:ru":"Антананариву","name:so":"Antananarifo","name:sr":"Антананариво","name:sv":"Antananarivo","name:ta":"அண்டனானரீவோ","name:tg":"Антананариву","name:th":"อันตานานาริโว","name:uk":"Антананаріву","name:ur":"اینٹانانیریو","name:wo":"Antananariwo","name:zh":"塔那那利佛","loc_name":"Tana","name:ckb":"ئانتاناناریڤۆ","name:mrj":"Антананариву","name:pnb":"انٹاناناریوو","name:udm":"Антананариву","old_name":"Tananarive","wikipedia":"en:Antananarivo","is_capital":"country","population":"2000000","admin_level":"2","alt_name:is":"Tananarive","is_in:country":"Madagascar","name:be-tarask":"Антананарыва","is_in:continent":"Africa","is_in:iso_3166_2":"MG-T","is_in:country_code":"MG"
27565117	15.5933247	32.5356502	city	الخرطوم Khartoum	Khartoum	Хартум	2682431	"admin_level":"2","capital":"yes","ele":"382","is_capital":"country","is_in":"Khartoum, Sudan","is_in:continent":"Africa","is_in:country":"Sudan","is_in:country_code":"SD","is_in:iso_3166_2":"SD-KH","name":"الخرطوم Khartoum","name:af":"Khartoem","name:ak":"Khartoum","name:am":"ካርቱም","name:ar":"الخرطوم","name:arz":"الخرطوم","name:az":"Xartum","name:bcl":"Khartoum","name:be":"Хартум","name:bg":"Хартум","name:bo":"ཁར་ཏུམ།","name:br":"C'hartoum","name:bs":"Kartum","name:ckb":"خەرتووم","name:cs":"Chartúm","name:cv":"Хартум","name:cy":"Khartoum","name:da":"Khartoum","name:de":"Khartum","name:el":"Χαρτούμ","name:en":"Khartoum","name:eo":"Ĥartumo","name:es":"Jartum","name:et":"Hartum","name:fa":"خارطوم","name:fo":"Khartoum","name:fr":"Khartoum","name:fy":"Kartûm","name:ga":"Cartúm","name:gd":"Khartoum","name:gl":"Khartún - الخرطوم","name:he":"חרטום","name:hi":"खार्तूम","name:hif":"Khartoum","name:hr":"Kartum","name:ht":"Kartoum","name:hu":"Kartúm","name:hy":"Խարթում","name:id":"Khartoum","name:ie":"Cartum","name:io":"Khartoum","name:is":"Kartúm","name:ja":"ハルツーム","name:jv":"Khartoum","name:ka":"ხარტუმი","name:kn":"ಖಾರ್ತೂಮ್","name:ko":"하르툼","name:ku":"Xertûm","name:ky":"Хартум","name:la":"Khartumensis Urbs","name:lt":"Chartumas","name:lv":"Hartūma","name:mk":"Картум","name:mr":"खार्टूम","name:mrj":"Хартум","name:ms":"Khartoum","name:my":"ခါတွမ်းမြို့","name:nl":"Khartoem","name:nn":"Khartoum","name:no":"Khartoum","name:nov":"Kartum","name:oc":"Khartom","name:os":"Хартум","name:pl":"Chartum","name:pms":"Khartoum","name:pnb":"خرطوم","name:pt":"Cartum","name:ro":"Khartoum","name:ru":"Хартум","name:sco":"Khartoum","name:sh":"Kartum","name:simple":"Khartoum","name:sk":"Chartúm","name:sl":"Kartum","name:so":"Khartuum","name:sr":"Картум","name:sv":"Khartoum","name:sw":"Khartoum","name:ta":"கர்த்தூம்","name:tg":"Хартум","name:th":"คาร์ทูม","name:tl":"Khartoum","name:tr":"Hartum","name:tt":"Хартум","name:udm":"Хартум","name:ug":"خارتۇم","name:uk":"Хартум","name:ur":"خرطوم","name:vec":"Khartoum","name:vi":"Khartoum","name:war":"Khartoum","name:wo":"Xartum","name:wuu":"Al-Khartoum","name:yo":"Khartoum","name:zh":"喀土穆","name:zh-min-nan":"Khartoum","place":"city","population":"2682431","population:date":"2012","wikipedia":"de:Khartum"
27565120	30.0170059	31.2134513	city	الجيزة	Giza	Гиза	2681863	"name":"الجيزة","note":"reverted to arabic","is_in":"Giza, Egypt","place":"city","name:ar":"الجيزة","name:de":"Giseh","name:en":"Giza","name:ru":"Гиза","int_name":"Giza","population":"2681863"
27565124	6.4550575	3.3941795	city	Lagos	No data	Лагос	10404112	"admin_level":"4","capital":"4","ele":"5","is_in:iso_3166_2":"NG-LA","name":"Lagos","name:hi":"लागोस्","name:kn":"ಲಾಗೋಸ್","name:ru":"Лагос","name:uk":"Лаґос","place":"city","population":"10404112","rank":"0","source:population":"wikipedia, calculated 2012","wikidata":"Q8673","wikipedia":"en:Lagos"
32675806	-33.9289049	18.4172485	city	Cape Town	No data	Кейптаун	3500000	"name":"Cape Town","rank":"0","is_in":"Western Cape, South Africa","place":"city","source":"sagns","capital":"yes","name:af":"Kaapstad","name:cs":"Kapské město","name:da":"Kapstaden","name:de":"Kapstadt","name:es":"Ciudad del Cabo","name:fi":"Kapkaupunki","name:fr":"Le Cap","name:he":"קייפטאון","name:hu":"Fokváros","name:is":"Höfðaborg","name:it":"Città del Capo","name:ja":"ケープ タウン","name:kn":"ಕೇಪ್ಟೌನ್","name:lt":"Keiptaunas","name:nl":"Kaapstad","name:pl":"Kapsztad","name:pt":"Cidade do Cabo","name:ru":"Кейптаун","name:sk":"Kapské mesto","name:sr":"Кејптаун","name:sv":"Kapstaden","name:xh":"iKapa","name:zh":"開普敦","sagns_id":"91634","wikipedia":"fr:Le Cap","population":"3500000","admin_level":"2","is_in:state":"Western Cape","is_in:country":"South Africa","is_in:continent":"Africa","is_in:country_code":"ZA","capital:legislative":"yes"
34684808	2.0427779	45.3385636	city	Muqdisho	Mogadishu	Могадишо	1700000	"name":"Muqdisho","is_in":"Banaadir, Somalia","place":"city","capital":"yes","name:af":"Mogadisjoe","name:am":"ሞቃዲሾ","name:an":"Mogadixo","name:ar":"مقديشو","name:az":"Moqadişo","name:be":"Магадыша","name:bg":"Могадишу","name:bn":"মোগাদিশু","name:bo":"མོ་ག་དི་ཤུ།","name:br":"Muqdisho","name:bs":"Mogadiš","name:ca":"Mogadixo","name:cs":"Mogadišu","name:cy":"Mogadishu","name:da":"Mogadishu","name:de":"Mogadischu","name:el":"Μογκαντίσου","name:en":"Mogadishu","name:eo":"Mogadiŝo","name:es":"Mogadiscio","name:et":"Muqdisho","name:eu":"Muqdisho","name:fa":"موگادیشو","name:fi":"Mogadishu","name:fo":"Mogadishu","name:fr":"Mogadiscio","name:fy":"Mogadisjû","name:ga":"Mogaidisiú","name:gd":"Mogadishu","name:gl":"Mogadixo","name:he":"מוגדישו","name:hi":"मोगादीशू","name:hr":"Mogadišu","name:ht":"Moukdicho","name:hu":"Mogadishu","name:hy":"Մոգադիշո","name:id":"Mogadishu","name:ie":"Mogadishu","name:io":"Mogadishu","name:is":"Mógadisjú","name:it":"Mogadiscio","name:ja":"モガディシュ","name:jv":"Mogadishu","name:ka":"მოგადიშო","name:kk":"Могадишо қаласы","name:kn":"ಮೊಗದಿಶು","name:ko":"모가디슈","name:ku":"Mogadîşu","name:ky":"Могадишо","name:la":"Mogadiscio","name:lt":"Mogadišas","name:lv":"Mogadīšo","name:mk":"Могадишу","name:mr":"मोगादिशू","name:ms":"Mogadishu","name:nl":"Mogadishu","name:nn":"Mogadishu","name:no":"Mogadishu","name:oc":"Mogadisho","name:pl":"Mogadiszu","name:pt":"Mogadíscio","name:ro":"Mogadishu","name:ru":"Могадишо","name:rw":"Mogadishu","name:sh":"Mogadishu","name:sk":"Mogadišo","name:sl":"Mogadiš","name:so":"Muqdisho","name:sr":"Могадишу","name:sv":"Mogadishu","name:sw":"Mogadishu","name:ta":"மொகடிசு","name:tg":"Могадишо","name:th":"โมกาดิชู","name:tl":"Mogadishu","name:tr":"Mogadişu","name:uk":"Моґадішо","name:ur":"موغادیشو","name:vi":"Mogadishu","name:wo":"Mogadisu","name:yo":"Mogadishu","name:zh":"摩加迪沙","alt_name":"Xamar","int_name":"Mogadishu","name:ace":"Mogadishu","name:bcl":"Mogadishu","name:ckb":"مۆگادیشو","name:hif":"Mogadishu","name:lij":"Mogadiscio","name:lmo":"Mugadiss","name:nov":"Mogadishu","name:pap":"Mogadishu","name:pms":"Mogadiss","name:pnb":"موگادیشو","name:sco":"Mogadishu","name:udm":"Могадишо","name:vec":"Mogadiscio","name:war":"Mogadishu","wikipedia":"de:Mogadischu","is_capital":"country","population":"1700000","admin_level":"2","name:simple":"Mogadishu","is_in:country":"Somalia","name:be-tarask":"Магадзішу","is_in:continent":"Africa","name:zh-min-nan":"Mogadishu","is_in:country_code":"SO"
243777014	5.335194	-4.075756	city	Yopougon	No data	No data	1375020	"name":"Yopougon","is_in":"Abidjan;Région des Lagunes;Côte d’Ivoire;Africa","place":"city","wikipedia":"fr:Yopougon","population":"1375020","short_name":"Yop","is_in:country":"Côte d’Ivoire","is_in:continent":"Africa"
261702404	6.698081	-1.6230404	city	Kumasi	No data	Кумаси	1517000	"url":"http://www.ghanaweb.com/GhanaHomePage/geography/kumasi.php","name":"Kumasi","place":"city","capital":"4","name:lt":"Kumasis","name:ru":"Кумаси","name:uk":"Кумасі","name:zh":"库马西","wikidata":"Q182059","wikipedia":"en:Kumasi","population":"1517000","is_in:state":"Ashanti Region","is_in:county":"Kumasi Metropolitan District","is_in:country":"Ghana","is_in:continent":"Africa"
261833893	-26.205	28.0497222	city	Johannesburg	Johannesburg	Йоханнесбург	4435000	"ele":"1753","name":"Johannesburg","is_in":"Gauteng, South Africa","place":"city","source":"sagns","name:en":"Johannesburg","name:fr":"Johannesbourg","name:hi":"जोहान्सबर्ग","name:ja":"ヨハネスブルグ","name:kn":"ಜೊಹಣೆಸ್ಬೆರ್ಗ್","name:pt":"Joanesburgo","name:ru":"Йоханнесбург","name:uk":"Йоханнесбург","name:zh":"約翰内斯堡","name:zu":"iGoli","sagns_id":"79551","wikipedia":"en:Johannesburg","population":"4435000","postal_code":"2001","is_in:country":"South Africa","is_in:continent":"Africa","is_in:iso_3166_2":"ZA-GP","is_in:country_code":"ZA"
271613766	30.0488185	31.2436663	city	القاهرة	Cairo	Каир	9120350	"ele":"68","name":"القاهرة","note":"reverted to arabic","rank":"0","is_in":"Cairo, Egypt","place":"city","capital":"yes","name:af":"Kaïro","name:ak":"Cairo","name:am":"ካይሮ","name:an":"O Caire","name:ar":"القاهرة","name:az":"Qahirə","name:ba":"Ҡәһир","name:be":"Каір","name:bg":"Кайро","name:bn":"কায়রো","name:bo":"ཁ་ཡི་རོ","name:br":"Kaero","name:bs":"Kairo","name:ca":"el Caire","name:cs":"Káhira","name:cv":"Каир","name:cy":"Cairo","name:da":"Kairo","name:de":"Kairo","name:el":"Κάιρο","name:en":"Cairo","name:es":"El Cairo","name:et":"Kairo","name:fa":"قاهره","name:fi":"Kairo","name:fo":"Keiro","name:fr":"Le Caire","name:ga":"Caireo","name:gd":"Cairo","name:gl":"O Cairo - القاهرة","name:gv":"Cairo","name:he":"קהיר","name:hi":"काहिरा","name:hr":"Kairo","name:ht":"Li Kè","name:hu":"Kairó","name:hy":"Կահիրե","name:ie":"Cairo","name:is":"Kaíró","name:it":"Il Cairo","name:ja":"カイロ","name:ka":"კაირო","name:kk":"Әл-Қаһира","name:kl":"Cairo","name:kn":"ಕೈರೋ","name:ko":"카이로","name:ku":"Qahîre","name:kv":"Каир","name:kw":"Cairo","name:ky":"Каир","name:la":"Cairus","name:lt":"Kairas","name:lv":"Kaira","name:mk":"Каиро","name:ml":"കെയ്റോ","name:mn":"Каир","name:mr":"कैरो","name:ms":"Kaherah","name:my":"ကိုင်ရိုမြို့","name:nl":"Caïro","name:oc":"Lo Caire","name:os":"Каир","name:pl":"Kair","name:ps":"قاهره","name:pt":"Cairo","name:qu":"Qahira","name:rm":"Cairo","name:ro":"Cairo","name:ru":"Каир","name:sc":"Cairo","name:se":"Cairo","name:sk":"Káhira","name:so":"Qaahiro","name:sq":"Kajro","name:sr":"Каиро","name:sv":"Kairo","name:ta":"கெய்ரோ","name:te":"కైరో","name:tg":"Қоҳира","name:th":"ไคโร","name:tk":"Kair","name:tl":"Cairo","name:tr":"Kahire","name:tt":"Каһирә","name:ug":"كايرو","name:uk":"Каїр","name:ur":"قاہرہ","name:uz":"Qohira","name:vi":"Cairo","name:vo":"Kahirä","name:wa":"El Caire","name:wo":"Xayra","name:yi":"קיירא","name:yo":"Káírò","name:zh":"開羅","int_name":"Cairo","name:ace":"Al-Qahirah","name:arz":"القاهره","name:bcl":"Cairo","name:ceb":"Cairo","name:ckb":"قاھیرە","name:crh":"Qaire","name:diq":"Qahire","name:ext":"El Cairu","name:frp":"Lo Cayiro","name:hif":"Cairo","name:ilo":"Cairo","name:lbe":"Кьагьира","name:lez":"Каир","name:lij":"O Cairo","name:lmo":"El Cairo","name:mdf":"Каир","name:mhr":"Каир","name:mrj":"Каир","name:mwl":"Cairo","name:mzn":"قاهره","name:nah":"El Cairo","name:nap":"Il cairo","name:new":"कायरो","name:pms":"Ël Càiro","name:pnb":"قاہرہ","name:pnt":"Κάιρον","name:rue":"Кагіра","name:sah":"Каир","name:scn":"Cairu","name:sco":"Cairo","name:szl":"Kajir","name:udm":"Каир","name:vec":"El Cairo","name:vls":"Caïro","name:war":"Cairo","name:wuu":"开罗","wikipedia":"ar:القاهرة","is_capital":"country","population":"9120350","admin_level":"2","alt_name:vi":"Cai-rô","name:simple":"Cairo","name:zh-yue":"開羅","old_name:vi":"Kê Thành","name:bat-smg":"Kairs","name:roa-rup":"Cairo","is_in:country":"Egypt","name:roa-tara":"'U Cairo","is_in:continent":"Africa","name:zh-min-nan":"Cairo","is_in:iso_3166_2":"EG-C","is_in:country_code":"EG"
282335934	-17.8317726	31.0456859	city	Harare	No data	Хараре	1606000	"name":"Harare","is_in":"Zimbabwe","place":"city","capital":"yes","name:am":"ሀራሬ","name:ar":"هراري","name:be":"Харарэ","name:bg":"Хараре","name:bo":"ཧ་ར་རི།","name:de":"Harare","name:el":"Χαράρε","name:eo":"Harareo","name:fa":"هراره","name:he":"הארארה","name:hi":"हरारे","name:ht":"Arare","name:hu":"Harare","name:hy":"Հարարե","name:is":"Harare","name:ja":"ハラレ","name:ka":"ჰარარე","name:ko":"하라레","name:ku":"Harare","name:ky":"Хараре","name:la":"Hararensis Urbs","name:lt":"Hararė","name:mk":"Хараре","name:mn":"Хараре","name:mr":"हरारे","name:os":"Хараре","name:pl":"Harare","name:ru":"Хараре","name:sr":"Хараре","name:sv":"Harare","name:ta":"ஹராரே","name:tg":"Хараре","name:th":"ฮาราเร","name:ug":"ھارارې","name:uk":"Хараре","name:ur":"ہرارے","name:wo":"Arare","name:zh":"哈拉雷","name:arz":"هارارى","name:ckb":"ھەرارێ","name:mrj":"Хараре","name:pnb":"ہرارے","name:udm":"Хараре","old_name":"Salisbury","wikipedia":"de:Harare","is_capital":"country","population":"1606000","admin_level":"2","is_in:country":"Zimbabwe","is_in:continent":"Africa","is_in:country_code":"ZW"
289035432	34.0341156	-5.0133482	city	Fès فاس	Fes	Фес	1968150	"name":"Fès فاس","place":"city","capital":"4","name:ar":"فاس","name:de":"Fès","name:en":"Fes","name:es":"Fez","name:fr":"Fès","name:it":"Fes","name:ru":"Фес","name:uk":"Фес","int_name":"Fès","name:ber":"ⴼⴰⵙ","population":"1968150","is_in:region":"Fès-Boulemane","is_in:country":"Morocco","is_in:continent":"Africa","population:date":"2011","is_in:prefecture":"Fès"
299120862	34.0223602	-6.8390357	city	Rabat الرباط	Rabat	Рабат	1650000	"name":"Rabat الرباط","is_in":"Rabat-Salé-Zemmour-Zaer, Morocco","place":"city","capital":"yes","name:am":"ራባት","name:ar":"الرباط","name:be":"Рабат","name:bg":"Рабат","name:bo":"ར་བ་ཐེ།","name:cv":"Рабат","name:da":"Rabat","name:de":"Rabat","name:el":"Ραμπάτ","name:en":"Rabat","name:eo":"Rabato","name:es":"Rabat","name:fa":"رباط","name:fi":"Rabat","name:fr":"Rabat","name:gl":"Rabat - الرباط","name:he":"רבט","name:ht":"Raba","name:hu":"Rabat","name:hy":"Ռաբաթ","name:is":"Rabat","name:ja":"ラバト","name:ka":"რაბატი","name:ko":"라바트","name:ku":"Rabat","name:ky":"Рабат","name:lt":"Rabatas","name:lv":"Rabāta","name:mk":"Рабат","name:mr":"रबात","name:nl":"Rabat","name:os":"Рабат","name:pl":"Rabat","name:ps":"ربات","name:ru":"Рабат","name:sk":"Rabat","name:sr":"Рабат","name:sv":"Rabat","name:ta":"ரபாத்","name:tg":"Рабат","name:th":"ราบัต","name:ug":"رابات","name:uk":"Рабат","name:ur":"رباط","name:vi":"Rabat","name:zh":"拉巴特","int_name":"Rabat","name:ast":"Rabat","name:ber":"ⴻⵔⵔⴱⴰⵟ","name:ckb":"ڕەبات","name:kab":"Rbaṭ","name:mrj":"Рабат","name:mzn":"رباط","name:nah":"Rabāt","name:pnb":"رباط","name:udm":"Рабат","name:xmf":"რაბატი","wikipedia":"fr:Rabat","is_capital":"country","population":"1650000","admin_level":"2","is_in:country":"Morocco","name:be-x-old":"Рабат","is_in:continent":"Africa","population:date":"2011","is_in:country_code":"MA"
299617915	36.775348	3.0600655	city	Alger  الجزائر	Algiers	Алжир	3415811	"addr:country":"DZ","addr:postcode":"16000","admin_level":"4","alt_name":"Al Djazāir","capital":"yes","ele":"10","is_capital":"country","is_in":"Sidi M'Hamed, Alger, Algeria","is_in:continent":"Africa","is_in:country":"Algeria","is_in:country_code":"DZ","is_in:iso_3166_2":"DZ-16","loc_name":"Eddzayer","loc_name_1":"الدزاير","name":"Alger  الجزائر","name:af":"Algiers","name:am":"አልጀርስ","name:an":"Alcher","name:ar":"الجزائر","name:arc":"ܓܙܐܐܪ","name:ast":"Arxel","name:az":"Əlcəzair","name:bat-smg":"Alžīrs","name:be":"Алжыр","name:ber":"ⴷⵣⴰⵢⴻⵔ ⵜⴰⵎⴰⵏⴻⵖⵜ","name:be-x-old":"Альжыр","name:bg":"Алжир","name:bn":"আলজিয়ার্স","name:bo":"ཨཱལ་ཇི་ཡར་སི།","name:bs":"Alžir","name:ca":"Alger","name:ckb":"ئەلجەزیرە","name:cs":"Alžír","name:cv":"Алҫир","name:cy":"Alger","name:da":"Algier","name:de":"Algier","name:diq":"Cezayir","name:el":"Αλγέρι","name:en":"Algiers","name:eo":"Alĝero","name:es":"Argel","name:et":"Alžiir","name:eu":"Aljer","name:ext":"Argel","name:fa":"الجزیره","name:fi":"Alger","name:fo":"Alger","name:fr":"Alger","name:frp":"Alg·èr","name:fy":"Algiers","name:gd":"Algiers","name:gl":"Alxer","name:he":"אלג'יר","name:hi":"आल्जेर","name:hif":"Algiers","name:hr":"Alžir","name:hsb":"Alžěr","name:ht":"Alje","name:hu":"Algír","name:hy":"Ալժիր","name:id":"Aljir","name:ie":"Alger","name:io":"Aljer","name:is":"Algeirsborg","name:it":"Algeri","name:ja":"アルジェ","name:jv":"Aljir","name:ka":"ალჟირი","name:kab":"Dzayer","name:kk":"Алжир","name:kn":"ಆಲ್ಜೇರ್","name:ko":"알제","name:ku":"Cezayir","name:ky":"Алжир шаары","name:la":"Algeria","name:lad":"Arjel","name:lb":"Alger","name:lij":"Algè","name:lmo":"Algeri","name:ln":"Alje","name:lt":"Alžyras","name:lv":"Alžīra","name:mdf":"Алжир","name:mk":"Алжир","name:ml":"അൾജിയേഴ്സ്","name:mr":"अल्जीयर्स","name:mrj":"Алжир","name:ms":"Algiers","name:nah":"Argel","name:nl":"Algiers","name:nn":"Alger","name:no":"Alger","name:nov":"Algiers","name:oc":"Argièr","name:os":"Алжир","name:pap":"Algiers","name:pl":"Algier","name:pms":"Algeri","name:pnb":"الجیرز","name:ps":"الجزيره","name:pt":"Argel","name:ro":"Alger","name:roa-rup":"Alger","name:ru":"Алжир","name:scn":"Algeri","name:sco":"Algiers","name:sh":"Alžir","name:simple":"Algiers","name:sk":"Alžír","name:sl":"Alžir","name:so":"Algiers","name:sr":"Алжир","name:su":"Aljir","name:sv":"Alger","name:sw":"Algiers","name:ta":"அல்ஜியர்ஸ்","name:tg":"Алҷазоир","name:th":"แอลเจียร์","name:tl":"Algiers","name:tr":"Cezayir","name:udm":"Алжир","name:ug":"ئالجىر","name:uk":"Алжир","name:ur":"الجزائر شہر","name:vec":"Algeri","name:vep":"Alžir","name:vi":"Algiers","name:vo":"Cäsair","name:war":"Algiers","name:wo":"Alse","name:yo":"Algiers","name:zh":"阿爾及爾","name:zh-min-nan":"Algiers","name:zh-yue":"阿爾及爾","name:zu":"Algiers","nat_name":"الجزائر","official_name":"الجزائر","old_name":"Icosium","place":"city","population":"3415811","population:date":"2010","ref:ONS":"1601","wikipedia":"fr:Alger"
331136682	3.8689867	11.5213344	city	Yaoundé	Yaounde	Яунде	1817524	"name":"Yaoundé","is_in":"Cameroon","place":"city","capital":"yes","name:am":"ያዉንዴ","name:ar":"ياوندي","name:az":"Yaunde","name:be":"Яундэ","name:bg":"Яунде","name:bo":"ཡོན་དྷི།","name:cs":"Yaoundé","name:de":"Jaunde","name:el":"Γιαουντέ","name:en":"Yaounde","name:eo":"Jaundeo","name:es":"Yaundé","name:eu":"Jaunde","name:fa":"یائونده","name:he":"יאונדה","name:ht":"Yaounde","name:hu":"Yaoundé","name:hy":"Յաունդե","name:io":"Yaounde","name:is":"Jánde","name:ja":"ヤウンデ","name:ka":"იაუნდე","name:ko":"야운데","name:ky":"Яунде","name:la":"Yaunde","name:lt":"Jaundė","name:lv":"Jaunde","name:mk":"Јаунде","name:mr":"याउंदे","name:pl":"Jaunde","name:ru":"Яунде","name:so":"Yawunde","name:sr":"Јаунде","name:sv":"Yaoundé","name:sw":"Yaounde","name:ta":"யாவுண்டே","name:tg":"Яунде","name:th":"ยาอุนเด","name:uk":"Яунде","name:ur":"یاؤندے","name:wo":"Yaunde","name:yi":"יאונדע","name:zh":"雅温得","name:ckb":"یائوندێ","name:mrj":"Яунде","name:nah":"Yaundé","name:nov":"Yaunde","name:pnb":"یاونڈی","name:udm":"Яунде","wikipedia":"fr:Yaoundé","is_capital":"country","population":"1817524","admin_level":"2","is_in:country":"Cameroon","name:be-x-old":"Яундэ","is_in:continent":"Africa","is_in:country_code":"CM"
414081770	34.0448888	-6.8140167	city	ⵙⵍⴰ Salé سلا	No data	No data	1000000	"admin_level":"8","capital":"6","int_name":"Salé","is_in":"Rabat-Zemmour-Zaer,Morocco","is_in:continent":"Africa","is_in:country":"Morocco","is_in:country_code":"MA","name":"ⵙⵍⴰ Salé سلا","name:ar":"سلا","name:de":"Salé","name:fr":"Salé","place":"city","population":"1000000","population:date":"2010"
435903633	-4.2694407	15.2712256	city	Brazzaville	No data	Браззавиль	1018541	"name":"Brazzaville","is_in":"Congo-Brazzaville","place":"city","capital":"yes","name:am":"ብራዛቪል","name:ar":"برازافيل","name:az":"Brazzavil","name:be":"Бразавіль","name:bg":"Бразавил","name:bo":"བ་ར་ཛ་བི་ལི།","name:de":"Brazzaville","name:el":"Μπραζαβίλ","name:eo":"Brazavilo","name:fa":"برازاویل","name:he":"ברזוויל","name:ht":"Brazavil","name:hy":"Բրազավիլ","name:is":"Brazzaville","name:ja":"ブラザヴィル","name:ka":"ბრაზავილი","name:kg":"Mavula","name:ko":"브라자빌","name:la":"Brazzapolis","name:lt":"Brazavilis","name:lv":"Brazavila","name:mk":"Бразавил","name:mr":"ब्राझाव्हिल","name:os":"Браззавиль","name:pl":"Brazzaville","name:ru":"Браззавиль","name:so":"Barasafille","name:sr":"Бразавил","name:sv":"Brazzaville","name:ta":"பிராசவில்லி","name:tg":"Браззавил","name:th":"บราซซาวิล","name:uk":"Браззавіль","name:ur":"برازاویلے","name:wo":"Brasawil","name:zh":"布拉柴維爾","name:ckb":"برازاڤیل","name:nov":"Brazavil","name:pnb":"برازاولے","name:udm":"Браззавиль","wikipedia":"fr:Brazzaville","is_capital":"country","population":"1018541","admin_level":"2","is_in:country":"Congo","is_in:continent":"Africa","is_in:country_code":"CG"
489212228	5.4354869	-4.0290072	city	Abobo	No data	No data	1500000	"name":"Abobo","is_in":"Abidjan;Région des Lagunes;Côte d’Ivoire;Africa","place":"city","population":"1500000"
501517702	5.1127345	7.3643495	city	Aba	Aba	Аба	1020900	"GNS:dsg_code":"PPL","GNS:dsg_string":"populated place","GNS:id":"-1996640","is_in:country":"Nigeria","name":"Aba","name:en":"Aba","name:hu":"Aba","name:lt":"Aba","name:ru":"Аба","place":"city","population":"1020900","source":"GNS","wikipedia":"en:Aba, Abia"
501540880	11.9918671	8.5303654	city	Kano	No data	Кано	2395375	"admin_level":"4","capital":"4","ele":"488","is_in:iso_3166_2":"NG-KN","name":"Kano","name:ar":"كانو","name:be":"Кано","name:bg":"Кано","name:da":"Kano","name:eo":"Kano","name:es":"Kano","name:fr":"Kano","name:gl":"Kano","name:he":"קנו","name:hi":"कऩो","name:id":"Kano","name:ja":"カノ","name:kn":"ಕನೋ","name:ko":"카노","name:lt":"Kanas","name:mk":"Кано","name:nl":"Kano","name:nn":"Kano","name:pl":"Kano","name:ro":"Kano","name:ru":"Кано","name:sr":"Кано","name:ta":"கனோ","name:tr":"Kano","name:uk":"Кано","name:yo":"Kánò","name:zh":"卡諾市","place":"city","population":"2395375","population:date":"2012","source":"GNS","wikidata":"Q182984","wikipedia":"en:Kano"
732125487	4.0429219	9.7061284	city	Douala	Douala	Дуала	2000000	"name":"Douala","is_in":"Cameroon","place":"city","name:de":"Duala","name:en":"Douala","name:ru":"Дуала","name:uk":"Дуала","population":"2000000","is_in:continent":"Africa"
768591737	30.128611	31.242222	city	شبرا الخيمة	Shubra al Khayma	No data	1016722	"name":"شبرا الخيمة","is_in":"Egypt, جمهورية مصر العربية","place":"city","name:ar":"شبرا الخيمة","name:de":"Shubra al Khayma","name:en":"Shubra al Khayma","name:fr":"Shubra al Khayma","alt_name":"شبرا الخيمة","int_name":"Shubra al-Khayma, Shubra al Khayma","name:ar1":"شبرا الخيمة","population":"1016722"
773119937	0.3177137	32.5813539	city	Kampala	No data	Кампала	1516210	"admin_level":"2","capital":"yes","ele":"1155","is_capital":"country","is_in":"Uganda","is_in:continent":"Africa","is_in:country":"Uganda","is_in:country_code":"UG","name":"Kampala","name:am":"ካምፓላ","name:ar":"كامبالا","name:arz":"كامبالا","name:be":"Кампала","name:bg":"Кампала","name:bo":"ཀམ་པ་ལ།","name:ckb":"کامپالا","name:cv":"Кампала","name:de":"Kampala","name:el":"Καμπάλα","name:eo":"Kampalo","name:fa":"کامپالا","name:he":"קמפלה","name:hi":"कंपाला","name:ht":"Kanpala","name:hu":"Kampala","name:hy":"Կամպալա","name:ja":"カンパラ","name:ka":"კამპალა","name:kn":"ಕಂಪಾಲಾ","name:ko":"캄팔라","name:ku":"Kampala","name:ky":"Кампала","name:mk":"Кампала","name:mr":"कंपाला","name:mrj":"Кампала","name:pnb":"کمپالہ","name:ru":"Кампала","name:so":"Kambaala","name:sr":"Кампала","name:sv":"Kampala","name:ta":"கம்பாலா","name:tg":"Кампала","name:th":"กัมปาลา","name:udm":"Кампала","name:ug":"كامپالا","name:uk":"Кампала","name:ur":"کمپالا","name:zh":"坎帕拉","place":"city","population":"1516210","source":"https://en.wikipedia.org/wiki/List_of_cities_and_towns_in_Uganda","wikipedia":"de:Kampala"
1046100133	5.3203571	-4.0161066	city	Abidjan	Abidjan	Абиджан	7567409	"capital":"4","comment":"Please keep tagging in synch with the boundary relation 3377982 and the label node 2811123364","ele":"18","is_in:iso_3166_2":"CI-01","name":"Abidjan","name:af":"Abidjan","name:als":"Abidjan","name:ar":"أبيدجان","name:bat-smg":"Abidžans","name:be":"Абіджан","name:bg":"Абиджан","name:bn":"আবিজান","name:br":"Abidjan","name:bs":"Abidjan","name:ca":"Abidjan","name:cs":"Abidžan","name:cy":"Abidjan","name:da":"Abidjan","name:de":"Abidjan","name:el":"Αμπιτζάν","name:en":"Abidjan","name:eo":"Abiĝano","name:es":"Abiyán","name:et":"Abidjan","name:eu":"Abidjan","name:fa":"آبیجان","name:fi":"Abidjan","name:fr":"Abidjan","name:gd":"Abidjan","name:gl":"Abidjan","name:gv":"Abidjan","name:he":"אבידג'אן","name:hi":"आबिजान","name:hr":"Abidjan","name:hu":"Abidjan","name:id":"Abidjan","name:io":"Abidjan","name:is":"Abidjan","name:it":"Abidjan","name:ja":"アビジャン","name:jv":"Abidjan","name:kab":"Abidjan","name:kn":"ಆಬಿಜಾನ್","name:ko":"아비장","name:la":"Abidjan","name:lmo":"Abidjan","name:ln":"Abidjan","name:lt":"Abidžanas","name:lv":"Abidžāna","name:mg":"Abidjan","name:mk":"Абиџан","name:ml":"അബിജാൻ","name:mr":"आबिजान","name:ms":"Abidjan","name:nl":"Abidjan","name:nn":"Abidjan","name:no":"Abidjan","name:nov":"Abidjan","name:oc":"Abidjan","name:pl":"Abidżan","name:pms":"Abidjan","name:pt":"Abidjan","name:ro":"Abidjan","name:roa-rup":"Abidjan","name:ru":"Абиджан","name:sc":"Abidjan","name:sk":"Abidjan","name:sl":"Abidžan","name:sq":"Abidjan","name:sr":"Абиџан","name:sv":"Abidjan","name:sw":"Abidjan","name:th":"อาบีจาน","name:tk":"Abijan","name:tr":"Abican","name:uk":"Абіджан","name:vi":"Abidjan","name:vo":"Abidjan","name:war":"Abidjan","name:yo":"Abidjan","name:zh":"阿比讓","name:zh-min-nan":"Abidjan","note":"Pour l’administration, Abidjan n’est pas une ville, mais un district (autonome), et il y a un « relation » pour ça. Mais comme les gens expectent trouver Abidjan comme ville, ici il y a en plus un « node » avec « place=city ».","place":"city","population":"7567409","population:date":"2014"
1699640925	32.896672	13.1777923	city	طرابلس	Tripoli	Триполи	2127000	"admin_level":"2","capital":"yes","ele":"81","int_name":"Ṭarābulus","is_capital":"country","is_in:iso_3166_2":"LY-TB","name":"طرابلس","name:ace":"Tarabulus","name:af":"Tripoli","name:am":"ትሪፖሊ","name:an":"Tripoli","name:ar":"طرابلس","name:arz":"طرابلس","name:ast":"Trípoli","name:az":"Tripoli","name:bcl":"Tripoli","name:be":"Трыпалі","name:bg":"Триполи","name:bn":"ত্রিপোলি","name:bo":"ཐི་རི་ཕོ་ལི","name:br":"Tripoli","name:bs":"Tripoli","name:ca":"Trípoli","name:ckb":"تەرابلوس","name:cs":"Tripolis","name:cy":"Tripoli","name:da":"Tripoli","name:de":"Tripolis","name:el":"Τρίπολη","name:en":"Tripoli","name:eo":"Tripolo","name:es":"Trípoli","name:et":"Tripoli","name:eu":"Tripoli","name:ext":"Trípoli","name:fa":"طرابلس","name:fi":"Tripoli","name:fr":"Tripoli","name:fy":"Tripoly","name:ga":"Tripilí","name:gd":"Tripoli","name:gl":"Trípoli","name:he":"טריפולי","name:hi":"ताराबूलस","name:hif":"Tripoli","name:hr":"Tripoli","name:ht":"Tripoli","name:hu":"Tripoli","name:hy":"Տրիպոլի","name:id":"Tripoli","name:io":"Tripoli","name:is":"Trípólí","name:it":"Tripoli","name:ja":"トリポリ","name:jv":"Tripoli","name:ka":"ტრიპოლი","name:kk":"Триполи","name:kl":"Tripoli","name:kn":"ಟ್ರಿಪೋಲಿ","name:ko":"트리폴리","name:ku":"Trablûs","name:kw":"Tripoli","name:ky":"Триполи","name:lad":"Tripoli","name:lij":"Tripoli","name:lmo":"Tripul","name:lt":"Tripolis","name:lv":"Tripole","name:map-bms":"Tripoli","name:mk":"Триполи","name:ml":"ട്രിപ്പോളി","name:mn":"Триполи","name:mr":"त्रिपोली","name:mrj":"Триполи","name:ms":"Tripoli","name:nl":"Tripoli","name:nn":"Tripoli","name:no":"Tripoli","name:nov":"Tripoli","name:oc":"Trípol","name:os":"Триполи","name:pap":"Tripoli","name:pl":"Trypolis","name:pms":"Trìpoli","name:pnb":"طرابلس","name:ps":"ترابلس","name:pt":"Trípoli","name:qu":"Tripoli","name:ro":"Tripoli","name:roa-rup":"Tripoli","name:ru":"Триполи","name:sc":"Tripoli","name:scn":"Trìpuli","name:sco":"Tripoli","name:sh":"Tripoli","name:simple":"Tripoli","name:sk":"Tripolis","name:sl":"Tripoli","name:so":"Triboli","name:sr":"Триполи","name:sv":"Tripoli","name:sw":"Tripoli","name:ta":"திரிப்பொலி","name:tg":"Триполи","name:th":"ตริโปลี","name:tl":"Tripoli","name:tr":"Trablus","name:udm":"Триполи","name:ug":"ترىپولى","name:uk":"Триполі","name:ur":"طرابلس، لیبیا","name:vec":"Tripołi","name:vi":"Tripoli","name:vo":"Tarabulus","name:war":"Tripoli","name:wo":"Tripoli","name:yi":"טריפאלי","name:yo":"Tripoli","name:zh":"的黎波里","name:zh-min-nan":"Tripoli","name:zh-yue":"的黎波里","place":"city","population":"2127000","population:date":"2012","wikidata":"Q3579","wikipedia":"en:Tripoli, Libya"
1980789690	15.6445536	32.4777311	city	Omdurman أم درمان	Omdurman	Омдурман	2395159	"name":"Omdurman أم درمان","is_in":"Sudan","place":"city","name:ar":"أم درمان","name:en":"Omdurman","name:fr":"Omdourman","name:ru":"Омдурман","name:uk":"Омдурман","population":"2395159"
2149000430	6.3330586	5.6221058	city	Benin City	No data	Бенин-Сити	1147188	"name":"Benin City","place":"city","capital":"4","name:de":"Benin-Stadt","name:pl":"Benin","name:ru":"Бенин-Сити","name:uk":"Бенін-Сіті","wikidata":"Q320704","wikipedia":"en:Benin City","population":"1147188","admin_level":"4","source:population":"Wikipedia"
2448258134	-4.7975373	11.8503297	city	Pointe-Noire	No data	Пуэнт-Нуар	1100000	"name":"Pointe-Noire","is_in":"Congo","place":"city","name:lt":"Puent Nuaras","name:ru":"Пуэнт-Нуар","wikipedia":"fr:Pointe-Noire (Congo)","population":"1100000","is_in:continent":"Africa","population:date":"2007","is_in:country_code":"CG"
